nazev,latinský nazev,popis,vune,pouziti
"Skořice cejlonská, list esenciální olej",Cinnamomum zeylanicum,"Dobijte energetické zásoby v hřejivé náruči skořice,
která vás povzbudí a podpoří vřelé vztahy i vaše vlastní
sebepřijetí.","Vůně: teplá, sladce kořeněná, typicky skořicová","Použití: inhalace, koupel, obklad"
"Jalovec, plod esenciální olej",Juniperus communis,"Vydejte se za svými sny v doprovodu jalovce, který vás
rozproudí a dodá vám rozhodnost,
odvahu a otevřenost. Skvělou práci odvede
také v kuchyni.","Vůně: svěží, dřevitá, sladkohořká s bylinným
nádechem a ovocnými tóny","Použití: inhalace, koupel, dochucení pokrmů"
Kafr esenciální olej,Cinnamomum camphora,"Objevte sílu prohřívacího esenciálního oleje, který
spolehlivě zažene únavu, uvolní svaly a
odpudí nežádoucí hmyz.","Vůně: kafrová, medicinální","Použití: inhalace, masáž, koupel"
Miracle esenciální olej,Zázračné vyladění,"Zatočte s překyselením vašeho těla s esenciální
směsí BEWIT Miracle.","Vůně: bylinná, květinová, mentolová, jemně
dřevitá","Použití: inhalace, masáž, koupel"
Merry Christmas esenciální olej,Veselé Vánoce,"Vykouzlete si tu pravou sváteční atmosféru díky směsi
esenciálních olejů Merry Christmas. Jediným přičichnutím vás přenese
k rozsvícenému vánočnímu stromečku.","Vůně: bohatá, hřejivá, sladká, dřevitá, ovocná",Použití: inhalace
Levandule esenciální olej,Lavandula angustifolia,"Dopřejte svému tělu i duši zklidnění,
uvolnění a regeneraci. Nechte se prostoupit
konejšivou něhou sycenou sluncem jihu.","Vůně: jemně bylinná, nasládlá, lehce květinová
s kafrovými tóny","Použití: inhalace, masáž, koupel"
Kadidlo Serrata esenciální olej,Boswellia serrata,"Poznejte neskonalou sílu mimořádně pečujícího a
povznášejícího krále esenciálních olejů.","Vůně: dřevitá, hřejivá, balzámová, bohatá","Použití: inhalace, péče o pleť a pokožku, koupel"
Cedr himalájský esenciální olej,Cedrus deodara,"Obnovte svou vnitřní neochvějnou sílu s pomocí
vznešeného cedru, který vás pročistí,
zregeneruje a podpoří vaši odolnost a
sebejistotu.","Vůně: dřevitá, sladká, balzámová a jemně
kafrová","Použití: inhalace, masáž, koupel"
"Citron, RAW esenciální olej",Citrus limon,"Mějte nadosah překypující energii citrusového plodu,
který vám navodí pocity čistoty, svěžesti a sebedůvěry.","Vůně: citrusová, nasládlá, trpká, jemně
květinová","Použití: inhalace, masáž, koupel"
Pomeranč esenciální olej,Citrus sinensis,"Vyplujte na šťavnatě osvěžující vlně sluncem
vymazleného pomeranče, který vás v mžiku zklidní,
povznese a vykouzlí ve vás nefalšovanou, upřímnou
radost.","Vůně: hřejivá, svěží, citrusová, sladká","Použití: inhalace, masáž, koupel"
Borovice lesní esenciální olej,Pinus sylvestris,"Obnovte energetické zásoby v nádherně
osvěžující a čerstvé vůni borovicového lesa.","Vůně: svěží, dřevitá, jemně nasládlá,
jehličnatá","Použití: inhalace, masáž, koupel"
Citrónová tráva esenciální olej,Cymbopogon citratus,"Rozjasněte pleť a obnovte své zásoby
energie s esenciálním olejem z citrónové trávy, který
duševně očišťuje a dodá vám pozitivní
vhled do života.","Vůně: svěže citrónová, zelená s lehce
zemitými tóny","Použití: inhalace, masáž, péče o pleť a pokožku"
Pomeranč červený RAW esenciální olej,Citrus sinensis,"Překonejte chmury s blahodárnou vůní červeného pomeranče. Vůně
esenciálního oleje šetrně lisovaného za studena ve vás probudí
optimismus a kreativitu.","Vůně: teplá, sladká, svěží, citrusová","Použití: inhalace, masáž, koupel"
Akácie esenciální olej,Acacia nilotica,"Vůně je hřejivá, dřevitě květinová s pudrově balzamikovými tóny.
Něžné afrodiziakum, které odvrací mysl od stresujících myšlenek
a vytváří poklidnou intimní atmosféru.",Výborná přísada do pleťové kosmetiky.,
Aksamitník rozkladitý esenciální olej,Tagetes patula,"Objevte jedinečné účinky esenciálního oleje z aksamitníku,
širokospektrál­ního a zklidňujícího
tonika.","Vůně: teplá, sladko-bylinná, štiplavé tóny","Použití: inhalace, obklad, přírodní repelent"
Aksamitník zpeřený esenciální olej,Tagetes minuta var. bipinnata,"Zklidněte pokožku, prohlubte dýchání a
podpořte své vnitřní vidění – síla
vzácného aksamitníku je tu pro vás.","Vůně: ovocná, nasládlá, svěží","Použití: inhalace, obklad, přírodní repelent"
Alpinie esenciální olej,Alpinia malaccensis,"Svezte se na tropické vlně svěžesti
s afrodiziakální vůní alpinie.","Vůně: svěží, nasládlá, zázvorová, bylinná","Použití: inhalace, masáž, koupel"
Amyris esenciální olej,Amyris balsamifera,"Vůně je lehce dřevitá, sladká, balzámová. Meditativní povaha oleje
podporuje tvůrčí energii, harmonizuje a upokojuje mysl.",Oblíbený fixátor v parfumerii.,
"Andělika, kořen esenciální olej",Angelica archangelica,"Lehce zemité, sladké a pižmovité aroma anděliky může harmonizovat
vaše tělo jak fyzicky, tak psychicky.",,
Anýz esenciální olej,Pimpinella anisum,"Dosáhněte klidné mysli, pocitů všestranné úlevy a
uvolnění a příjemné nálady na vlnách pikantně sladké
vůně anýzu. Můžete s ním kouzlit i v kuchyni.","Vůně: teplá, sladce kořeněná, typicky
lékořicová","Použití: inhalace, koupel, dochucení pokrmů"
Badyán pravý esenciální olej,Illicium verum,"Poznejte jedinečnost voňavého badyánu, který vám vykouzlí
dobrou náladu, povzbudí a příjemně
prohřeje. Odkryjte jeho tajemství
i v kuchyni.","Vůně: nasládlá, teplá, lékořicová s hlubokým
balzamicko-dřevitým podtónem","Použití: inhalace, koupel, dochucení pokrmů"
Bay St. Thomas esenciální olej,Pimenta racemosa,"Vůně je osvěžující, kořeněná, bylinná. Na mentální rovině
působí relaxačně a podporuje jasné myšlení.",Výborná přísada do pánské kosmetiky.,
Bazalka kafrová esenciální olej,Ocimum kilimandscharicum,"Obnovte svou sílu a vytrvalost – při přejedení,
prochladnutí a vyčerpaní shonem běžných
dní vám kafrová bazalka podá pomocnou ruku.","Vůně: výrazná kafrová, sladká, kořeněná","Použití: inhalace, masáže, obklady"
Bazalka posvátná esenciální olej,Ocimum sanctum,"Kralujte svému životu a podpořte svou vitalitu,
dlouhověkost a blažený klid, který se stane
vstupní branou k vaší vnitřní moudrosti.","Vůně: bohatá, kořenitá, balzámová, teplá","Použití: inhalace, masáž, obklady"
Bazalka pravá esenciální olej,Ocimum basilicum,"Pociťte lehkost a sílu. Bazalka pravá
vás probere při vyčerpání, posílí po náročném úkolu
a uvolní napětí v hlavě nejen před spaním.","Vůně: intenzivní, bylinná, sladká, balzámová","Použití: inhalace, masáž, obklad"
Benzoin esenciální olej,Styrax benzoin,"Vůně je teplá, balzámová s vanilkovými tóny. Uzemňující charakter
oleje navodí pocit klidu a stability.",Zvláště účinný je i v péči o pleť.,
Bergamot RAW esenciální olej,Citrus bergamia,"V uklidňující náruči bergamotu vplujte na parket
s lehkostí a úsměvem.","Vůně: svěží, sladce-trpká, citrusová, květinová","Použití: inhalace, masáž, koupel"
Bergamot SUN esenciální olej,Citrus bergamia,"V uklidňující náruči bergamotu radostně vplujte na
prosluněný parket. Konečně je tady SUN verze, se kterou můžete vyjít
i na sluníčko.","Vůně: svěží, trpká, jemně sladká, květinová","Použití: inhalace, koupel, péče o pleť a pokožku"
Blue tansy - Vratič esenciální olej,Tanacetum annuum,"Vratič, někdy také známý jako balzámová kopretina, roste v Maroku,
kde pilné ruce sklízejí tisíce žlutých kvítků na výrobu jednoho ze
vzácných exotických esenciálních olejů. Barva oleje je stejně modrá jako
moře, blízko kterého rostliny rostou. Má jemnou, sladkou vůni.",,
Borovice Banksova BIO esenciální olej,Pinus banksiana,"Obnovte energetické zásoby v nádherně
osvěžující a čerstvé vůni borovicového lesa.",Vůně: svěží se sladce pryskyřičnými tóny,"Použití: inhalace, masáž, koupel"
Borovice lesní BIO esenciální olej,Pinus sylvestris,"Zhluboka se nadechněte, doplňte energii a
využijte svěží sílu borovicového jehličí. Podpoří,
pročistí a zregeneruje vaše tělo i duši.","Vůně: svěží, lesní, balzámová","Použití: inhalace, masáž, koupel"
Borovice smolná esenciální olej,Pinus resinosa,"Obnovte své energetické zásoby v nádherně
osvěžující a čerstvé vůni borovicového lesa.","Vůně: výrazná dřevitá, zemitá, svěží","Použití: inhalace, masáž, koupel"
Borovice sumaterská esenciální olej,Pinus Merkusii,"Obnovte energetické zásoby v nádherně
osvěžující a čerstvé vůni borovicového lesa.","Vůně: svěží, eukalyptová, dřevitá, jehličnatá","Použití: inhalace, masáž, koupel"
Borovice vejmutovka BIO esenciální olej,Pinus strobus,"Obnovte své energetické zásoby v nádherně
osvěžující a čerstvé vůni borovicového lesa.","Vůně: svěží, jemná, dřevitá s pryskyřičnými
tóny","Použití: inhalace, masáž, koupel"
Calamus esenciální olej,Acorus Calamus,Esenciální olej z puškvorce má teplou kořenito-dřevitou vůni.,,
Cedr atlaský esenciální olej,Cedrus atlantica,"Obnovte svou neochvějnou vnitřní sílu s pomocí
impozantního cedru, který vás pročistí,
zregeneruje a podpoří vaši odolnost a
sebejistotu.","Vůně: sladká, dřevitá, balzámová a jemně
kafrová","Použití: inhalace, masáž, koupel"
"Celer, semena esenciální olej",Apium graveolens,"Najděte v sobě sílu potřebnou na vše, co chcete
udělat. Teplé aroma celerových semínek vás povzbudí a
zbystří vaši mysl. Poslouží dokonce
i v kuchyni.","Vůně: sladce kořenitá, bylinná, teplá, zemitá","Použití: inhalace, koupel, dochucení pokrmů"
Česnek esenciální olej,Allium Sativum,"Povolejte do svých služeb zázrak, který znaly už
prastaré civilizace – nedali na něj dopustit Egypťané ani Římané.
Intenzivní aroma česneku vás všestranně
podpoří.","Vůně: silně aromatická, pronikavá, štiplavá, typicky
česneková","Použití: inhalace, obklad, masáž"
Chmel esenciální olej,Humulus lupulus,"Poznejte nový způsob využití blahodárného působení
chmelu, zcela bez obav z pivního břicha.","Vůně: výrazná dřevitá, bylinná, sladko-kyselá","Použití: inhalace, masáž, koupel"
Citron SUN esenciální olej,Citrus limon,"Mějte nadosah překypující energii citrusového plodu.
Konečně je tady SUN verze, se kterou můžete vyjít i na sluníčko.","Vůně: trpká, kyselá, květinová, svěží","Použití: inhalace, koupel, péče o pleť a pokožku"
"Citron, BIO RAW esenciální olej",Citrus limon,"Vychutnejte si vlnu osvěžení, radosti a
čistoty, kterou vám přinese bio esenciální olej z citronu
lisovaný za studena. Pro svěží den od rána do večera.","Vůně: citrusová, čerstvá, s lehce nahořklými tóny
citrusové kůry","Použití: inhalace, masáž, úklid domácnosti"
"Citron, destilovaný esenciální olej",Citrus limon,"Mějte nadosah překypující energii oblíbeného
citrusového plodu, který vám navodí pocity čistoty, svěžesti a
sebedůvěry.","Vůně: typicky citrusová, osvěžující, jemně kyselá,
nasládlá, lehká","Použití: inhalace, masáž, koupel"
Citronela esenciální olej,Cymbopogon nardus,"Načerpejte radost, elán a svěžest
tropické citronelové trávy a nechte se povznést její
očistnou silou.","Vůně: svěží, teplá, citrusová, nasládlá
s dřevitými tóny","Použití: inhalace, přírodní repelent, masáž"
Cubeb esenciální olej,Piper cubeba,"Vůně je výrazná, kořeněná, jemně balzámová. Prohřívající
tonikum, které rozproudí v těle energii.","Pro své silné antioxidační působení je přidáván i do kosmetických
produktů.",
Cypriol esenciální olej,Cyperus scariosus,"Vůně je výrazná, hřejivá se sladce-dřevitými podtóny. Na
emočně-energetické úrovni navozuje klid a uvolnění.","Vyživí, podpoří a krásně provoní i pleť a pokožku
celého těla.",
Cypřiš BIO esenciální olej,Cupressus sempervirens,"Využijte všestrannou podporu esenciálního oleje
z cypřiše, nyní i v bio kvalitě. Rozpusťte
stres, dopřejte péči své mastné a
problematické pleti, zregulujte pocení
i cirkulaci.","Vůně: svěží, dřevitá, balzamická","Použití: inhalace, masáž, koupel"
Cypřiš esenciální olej,Cupressus sempervirens,"Navoďte si pocit hlubokého pokoje. „Strom klidné
krásy“ vás opečuje, dokonale zpřítomní
a navrátí zdravý optimismus.","Vůně: svěží, terpenická, dřevitá, balzámová
s citrusovými tóny","Použití: inhalace, masáž, obklad"
Drmek esenciální olej,Vitex agnus castus,"Kralujte svou ženskostí. Drmek
zharmonizuje vaše dny, aby plynuly v souladu
s cykly přírody a umocnily váš pocit naplnění.","Vůně: bylinná, sladce květinová s mentolovými a
kafrovými tóny","Použití: inhalace, péče o pleť a pokožku, obklad"
Elemi esenciální olej,Canarium luzonicum,"Dosáhněte duševní pohody, dopřejte omlazující
péči své pleti, zklidněte dýchací cesty a posilte ochranu
proti mikrobům s exotickým esenciálním olejem z Filipín.","Vůně: teplá kořeněná s balzámovými a
svěžími tóny","Použití: inhalace, péče o pleť a pokožku, parfém"
Esenciální oleje CZ – praktická příručka,"Autoři této jedinečné příručky vytvořili knihu, která patří
k tomu nejlepšímu co lze na trhu v oboru aromaterapie najít. Bude ozdobou
knihovny všech příznivců zdravého životního stylu, esenciálních olejů,
aromaterapeutů, masérů, lékařů nebo naturopatů. Ocení ji úplní
začátečníci i zkušení profesionálové.",,,
Eukalyptus Blue esenciální olej,Eucalyptus polybractea,"Zpomalte mysl a prociťte hloubku svého dechu – modrý
eukalyptus vám dodá emoční vzpruhu, radost z pohybu a
celkovou vitalitu.","Vůně: svěží, sladce kafrová","Použití: inhalace, masáž, obklad"
Eukalyptus Camaldulensis esenciální olej,Eucalyptus camaldulensis,"Vykročte svobodně vpřed, zhluboka dýchejte a pociťte
radostnou svěžest energizujícího eukalyptu.","Vůně: svěží, kafrová, bylinná","Použití: inhalace, masáž, přírodní repelent"
Eukalyptus Citriodora esenciální olej,Eucalyptus citriodora,"Otevřete svou hruď – pocit svěžesti
a vitality se rodí s každým vaším nádechem.
Prohlubte jej a posilte tělo i ducha.","Vůně: citrusová, jemně kafrová
s květinovými tóny","Použití: inhalace, masáž, obklad"
Eukalyptus Globulus BIO esenciální olej,Eucalyptus globulus,"Využijte osvěžení a posilu, které
přináší náš eukalyptus globulus v bio kvalitě. Také
odlehčí od napětí všeho druhu, prohloubí
dech a zažene únavu.","Vůně: svěží, pronikavá s kafrovými a
dřevitě-citrusovými tóny","Použití: inhalace, masáž, přírodní repelent"
Eukalyptus Globulus esenciální olej,Eucalyptus globulus,"Zbavte se těžkostí při dýchání a posilte celkovou
odolnost. Přichází příjemně chladivá a
svěží vzpruha v podobě statného blahovičníku.","Vůně: intenzivní, svěží, kafrová s dřevitými a
citrusovými tóny","Použití: inhalace, masáž, přírodní repelent"
Eukalyptus Radiata esenciální olej,Eucalyptus radiata,"Dopřejte si blaho z blahovičníku. Vylepší vám
náladu, skvěle pročistí a dodá
vzpruhu.","Vůně: svěží, pronikavá, kafrová s jemně
citrusovými a květinovými tóny","Použití: inhalace, masáž, obklad"
Eukalyptus Staigeriana esenciální olej,Eucalyptus staigeriana,"Osvěžte postoj k životu a zakotvěte v hloubce svého
dechu. S eukalyptem v sobě posílíte
odolnost, odvahu a vnitřní sílu
projevit se.","Vůně: citrusová, jemně kafrová s bylinnými tóny","Použití:inhalace, masáž, přírodní repelent"
Fenykl esenciální olej,Foeniculum vulgare,"Poznejte sílu voňavého fenyklu, který pohladí na duši
a zkrotí mnohé bouře vašeho těla. Kouzlit s ním můžete
i v kuchyni.","Vůně: sladce kořenitá, bylinná, lékořicová, zemitá,
anýzová","Použití: inhalace, koupel, dochucení pokrmů"
"Fenykl RAW, CO₂ esenciální olej",Foeniculum vulgare,"Sladké, pronikavě vonící aroma fenyklu podpoří vaši touhu po
sebevyjádření a komunikaci. Posílí i vaše odhodlání proměnit vaše
nápady ve skutečnost.",,
Fenykl sladký BIO esenciální olej,Foeniculum vulgare,"Zlepšete chuť k jídlu i trávení a zpestřete si
kuchyni sladkým fenyklem, který může podpořit
i hluboké dýchání, zmírnit ženské
potíže a celkově vás zklidnit.","Vůně: sladká, lehce zemito-peprná s tóny anýzu",Použití: dochucení pokrmů
Galbanum esenciální olej,Ferula galbaniflua,"Zmírněte napětí svalů a kloubů a věnujte péči své
pleti. Pomocí očistného galbana navíc
uzemníte svou mysl a zklidníte
rozbouřené emoce.","Vůně: svěží, dřevitá s balzamickým podtónem","Použití: péče o pleť a pokožku, masáž, parfém"
Galgán esenciální olej,Alpinia galanga,"Poznejte sílu kořene, který umocní mužskou sílu.","Vůně: kořenitá, zázvorová a kafrová, s tóny pepře
a borovicového jehličí","Použití: masáž, inhalace, parfém"
Geránium Bourbon esenciální olej,Pelargonium x asperum,"Podpořte své mocné ženství. S touto bylinkou se ve
vás rozhostí klid, uvolnění a odhodlanost
jít dál i přes překážky.","Vůně: růžová, jemná, kořenitá s jemně sladkým a
citrusovým nádechem","Použití: inhalace, masáž, parfém"
Geránium esenciální olej,Pelargonium graveolens,"Vklouzněte do konejšivého objetí jedinečné ženské
bylinky, jejíž pečující síla vám pomůže vrátit balanc s vaším
přirozeným rytmem.","Vůně: těžší růžová, kořenitá s jemně
citrusovým nádechem","Použití: inhalace, péče o pleť a pokožku, koupel"
Ginger Lily esenciální olej,Hedychium spicatum,"Vůně je dřevitá, kořenitá až kafrová. Podporuje koncentraci a
je výbornou volbou při obnově sil po vyčerpání.",Mimořádnou péči poskytuje i vlasům a vlasové pokožce.,
Grapefruit bílý esenciální olej,Citrus paradisi,"Přeneste se na prosluněné písečné pláže
Středomoří s jiskřivou energií osvěžujícího a
povzbuzujícího bílého grepu.","Vůně: svěží, citrusová, lehce nahořklá
s květinovými tóny","Použití: inhalace, masáž, parfém"
Grapefruit růžový esenciální olej,Citrus paradisi,"Dobijte si baterky s esenciálním olejem z růžového grapefruitu.
Zlepší vám náladu, uvolní napětí a
rozpustí stres. Důkladně vás pročistí,
zjemní celulitidu a pomůže na cestě k vysněné
postavě.","Vůně: svěží, nasládlá, povzbuzující","Použití: inhalace, masáž, koupel"
Grapefruit SUN esenciální olej,Citrus paradisi,"Nastartujte detox, podpořte štíhlou
linii a dopřejte si příliv dobré nálady. Svěží
grapefruit nyní máme i v destilované SUN verzi, kterou
můžete použít na pokožku a bez obav vyrazit na slunce.","Vůně: svěží, citrusová, lehce nahořklá","Použití: inhalace, masáž, péče o pleť a pokožku"
Gurjum Balsam esenciální olej,Dipterocarpus turbinatus,"Vyzkoušejte všestranný účinek exotického
esenciálního oleje, který přinese uklidnění vaší
duši, stejně jako podrážděné
pokožce.","Vůně: dřevitá, balzámová, lehce nasládlá","Použití: inhalace, masáž, koupel"
Heřmánek pravý BIO esenciální olej,Matricaria recutita,"Dosáhněte maximálního uvolnění se známou vůní
heřmánku pravého v bio kvalitě. Tento
zklidňující olej vám přinese nerušený a hluboký
spánek, utiší napětí a opečuje vaše
vlasy i citlivou pleť.","Vůně: silná, nasládlá, teple bylinná","Použití: péče o pleť a pokožku, masáž, inhalace"
Heřmánek pravý esenciální olej,Matricaria chamomilla,"Vzpomínka na dětství, která pohladí. Jemná
uklidňující náruč vám usnadní přijmout pomoc a přinese
vytoužené uvolnění.",Vůně: sladce bylinná s ovocnými tóny,"Použití: inhalace, péče o pleť a pokožku, koupel"
Hinoki esenciální olej,Chamaecyparis obtusa,"Vychutnejte si příjemné chvíle relaxace s uvolňující
vůní esenciálního oleje z japonského stromu hinoki. Přinese blahodárné
zklidnění vaší pleti a vzpruhu vašim
vlasům.","Vůně: čerstvá, dřevitá, balzámová","Použití: inhalace, masáž, koupel"
"Hřebíček, list esenciální olej",Caryophyllus aromaticus,"Objevte silně energizující a
prohřívací účinky esenciálního oleje z listů
hřebíčku, který vás mentálně posílí, navodí
pocit bezpečí a podpoří spánek.","Vůně: intenzivní, kořeněná, palčivá","Použití: inhalace, masáž, obklad"
"Hřebíček, pupen esenciální olej",Caryophyllus Aromaticus,"Nechte na sebe působit výrazně energizující a
prohřívací účinky esenciálního oleje z pupenů
hřebíčku, který vám přinese pocit bezpečí, dodá
mentální odolnost a podpoří klidný noční odpočinek.","Vůně: intenzivní, sladce kořeněná, palčivá","Použití: inhalace, masáž, obklad"
Iary esenciální olej,Psiadia altissima,"Navraťte tělu lehkost, pociťte příval
energie a zůstaňte svěží
s jedinečným Iary.","Vůně: dřevitá, nasládlá s tóny jehličí a
eukalyptu","Použití: inhalace, péče o pleť a pokožku, koupel"
Ibiškovec pižmový esenciální olej,Hibiscus abelmoschus,"Ukojte svou zvědavost a seznamte se s jedním z pěti
nejcennějších esenciálních olejů světa.","Vůně: teplá, hřejivá, dřevitá, pižmová","Použití: parfém, inhalace, masáž"
Jalovec Cade esenciální olej,Juniperus oxycedrus,"Objevte sílu divokého jalovce, který vás uzemní a dodá
vám pocity stability.","Vůně: intenzivní, kouřová s dřevitými podtóny","Použití: inhalace, péče o pleť a pokožku,
vlasový zábal"
"Jalovec, list esenciální olej",Juniperus communis,"Vydejte se za svými sny v doprovodu jalovce, který vás
rozproudí a dodá vám rozhodnost,
odvahu a otevřenost.","Vůně: svěží, dřevitá, zemitá s borovicovým
nádechem, sladkohořká","Použití: inhalace, koupel, masáž"
Jasmín esenciální olej,Jasminum grandiflorum,"Jasmínové absolue voní teple, bohatě, květinově a sladce. Podpoří ve
vás radost, tvořivost a harmonii.",,
Jedle balzámová esenciální olej,Abies balsamea,"Vytvořte si prostor pro hluboké dýchání, provoňte
vzduch a nabijte se čerstvou energií
s čistou lesní vůní balzámové jedle.","Vůně: teplejší, hlubší, balzámově dřevitá
s nasládlými tóny","Použití: inhalace, masáž, koupel"
"Jedle balzámová, jehličí BIO esenciální olej",Abies balsamea,"Dopřejte si laskavou péči zabalenou do kouzelné
sváteční vůně.","Vůně: svěží, nasládlá, pryskyřičná, dřevitá","Použití: inhalace, masáž, koupel"
"Jedle balzámová, kůra BIO esenciální olej",Abies balsamea,"Dopřejte si laskavou péči zabalenou do kouzelné
sváteční vůně.","Vůně: svěží, nasládlá, pryskyřičná, dřevitá","Použití: inhalace, masáž, koupel"
"Jedle sibiřská, jehličí esenciální olej",Abies sibirica,"Dopřejte si laskavou péči zabalenou do
sváteční vůně.","Vůně: čerstvá, pryskyřičná, dřevitá,
jehličnatá","Použití: inhalace, masáž, koupel"
Kadidlo Carterii esenciální olej,Boswellia carterii,"Poznejte neskonalou sílu mimořádně pečujícího a
povznášejícího krále esenciálních olejů.","Vůně: dřevitá, hřejivá, pryskyřičná, svěží","Použití: inhalace, péče o pleť a pokožku, koupel"
Kadidlo Frereana esenciální olej,Boswellia frereana,"Poznejte neskonalou sílu mimořádně pečujícího a
povznášejícího krále esenciálních olejů.","Vůně: intenzivní, hluboká, balzamická s citronovým
nádechem","Použití: inhalace, péče o pleť a pokožku, koupel"
Kadidlo Sacra esenciální olej,Boswellia sacra,"Poznejte posvátnou sílu mimořádně pečujícího a
povznášejícího krále esenciálních olejů.","Vůně: jemná, balzámová, hřejivá se sladkým
podtónem","Použití: inhalace, péče o pleť a pokožku, koupel"
Kafrová limetka esenciální olej,Citrus hystrix,"Povzbuďte své tělo, mysl i ducha svěžestí exotické
limetky, která vám dodá vzpruhu, radost a vašim
pokrmům neopakovatelný říz.","Vůně: citrusová, kořenitá, svěží","Použití: inhalace, koupel, dochucení pokrmů"
Kajeput bělodřevý esenciální olej,Melaleuca leucadendron var. cajuputi,"Dopřejte svému tělu silný ochranný štít.
S posilujícím kajeputem rozdýcháte
každý neduh a raz dva budete zpět v kondici.","Vůně: svěží, bylinná, sladká s ovocnými a
kafrovými tóny","Použití: inhalace, masáž, obklad"
Kananga esenciální olej,Cananga odorata var. macrophylla,"Nechte se očarovat okouzlující vůní žlutých květů kanangy, která
vám otevře srdce, nebesky vás rozvášní a
povznese nad každodenní stres.","Vůně: květinová, dřevitá, balzámová","Použití: inhalace, masáž, koupel"
Kanuka esenciální olej,Kunzea ericoides,"Projasněte mysl, zbystřete pozornost a
příjemně se uvolněte pro chvíle večerního relaxu se
vzácným a v tuzemsku ojedinělým esenciálním olejem
z kanuky, známým také jako bílý tea tree.","Vůně: svěží, bylinná s tóny eukalyptu","Použití: inhalace, péče o pleť a pokožku, koupel"
Kardamom černý esenciální olej,Amomum subulatum,"Podpořte v sobě pocit stability, harmonie a chuti do
života. Nepálský kardamom vás svou nezaměnitelnou vůní
rozveselí a rozežene každou známku duševní únavy.","Vůně: kořenitá, intenzivní, kouřová s uzeným a
mentolovým podtónem","Použití: inhalace, koupel, masáž"
Kardamom zelený esenciální olej,Elettaria cardamomum,"Podpořte v sobě pocit stability, harmonie a chuti
do života s tisíciletým pomocníkem přezdívaným zrno ráje.
Exotiku vnese také do vašich kulinářských výletů.","Vůně: sladce kořenitá, orientální, teplá, jemně
kafrová","Použití: inhalace, koupel, dochucení pokrmů"
"Kardamom zelený RAW, CO₂ esenciální olej",Elettaria cardamomum,"Podpořte v sobě pocit stability, harmonie a chuti
do života s tisíciletým pomocníkem, na Východě tradičně
přezdívaným zrno ráje.","Vůně: sladce kořenitá, orientální, teplá, jemně
kafrová","Použití: inhalace, koupel, masáž"
Katrafay esenciální olej,Cedrelopsis grevei,"Zažijte příliv energie až z dalekého Madagaskaru.
Exotický katrafay vás postaví na nohy a ukáže vám směr
vaší cesty.","Vůně: dřevitá, bylinná, svěží, balzámová
s nasládlými tóny","Použití: inhalace, masáž, koupel"
Kewra esenciální olej,Pandanus odoratissimus,"Vůně je sladká, květinová. Stabilizuje mysl a vytváří prostor
k maximálnímu soustředění.",,
Khella esenciální olej,Ammi visnaga,"Khella má neobvykle aromatickou, sladkou až lehce zemitou vůni, která
podporuje představivost, imaginaci.",,
Klementinka esenciální olej,Citrus clementina,"Poznejte kouzelně voňavý skvost jižanských zahrad, který vám
z několika kapek vyčaruje radostnou náladu.","Vůně: sladká, svěží, jemně citrusová,
květinová","Použití: inhalace, masáž, koupel"
"Klementinka, BIO RAW esenciální olej",Citrus clementina,"Zvedněte si náladu, zrelaxujte, uvolněte
svaly i mysl a naplňte svůj domov citrusovou svěžestí se
sladkou klementinkou.","Vůně: sladká, svěží, citrusová s lehce ovocnými a
květinovými tóny","Použití: inhalace, masáž, parfém"
Kmín koptský esenciální olej,Trachyspermum ammi,"Poznejte neodolatelnou sílu koptského kmínu, který vás příjemně
naladí, celkově posílí a podpoří váš
pozitivní pohled na svět.","Vůně: bylinná, intenzivní, tymiánová, medicinální,
pikantní","Použití: inhalace, koupel, masáž"
Kmín kořenný esenciální olej,Carum carvi,"Poznejte sílu voňavého kmínu, který vás příjemně
naladí, prohřeje a
posílí.","Vůně: kořenná, nasládlá, teplá","Použití: inhalace, koupel, masáž"
Kmín římský esenciální olej,Cuminum cyminum,"Provoňte v kuchyni svá jídla nádechem orientu
s exotickým římským kmínem. Podpořte své tělo při potížích
se zažíváním, nevolnosti a
nechutenství.","Vůně: teplá, kořeněná s nádechem pižma",Použití: dochucení pokrmů
Kopaiva esenciální olej,Copaifera officinalis,"Odpočiňte si po dni plném stresu a načerpejte novou energii z exotické
kopaivy, která vás jemně ztiší a přátelsky
ukonejší.","Vůně: zemitá, dřevitá se sladkými tóny","Použití: inhalace, péče o pleť a pokožku, masáž"
Kopál vonný - Palo Santo esenciální olej,Bursera graveolens,"Esenciální olej Palo Santo má jedinečné sladké a povznášející
aroma, které můžeme zařadit mezi aromaterapeutické poklady.",,
"Kopr, semena esenciální olej",Anethum graveolens,"Kráčejte lehce, klidně a
s radostí. Žluté deštníky koprových květů plných
voňavých semen vás ochrání před nepohodou. Zazáří také
v kuchyni.","Vůně: bylinná, nasládlá, teplá s kořeněným a
mátovým tónem","Použití: inhalace, koupel, dochucení pokrmů"
"Koriandr, list esenciální olej",Coriandrum sativum,"Poznejte hřejivou péči voňavého cilantra, které vás
emočně ukotví a podpoří vitalitu a
smyslnost. Jistě vás oslní
i v kuchyni.","Vůně: teplá, sladká, bylinná, kořenitá s nádechem
pomeranče","Použití: inhalace, koupel, dochucení pokrmů"
"Koriandr, semena esenciální olej",Coriandrum sativum,"Poznejte hřejivou péči voňavých semen koriandru, které
vás emočně ukotví a podpoří vitalitu a
smyslnost. Jistě vás oslní
i v kuchyni.","Vůně: teplá, sladká, kořenitá, jemně kafrová","Použití: inhalace, koupel, masáž"
"Koriandr, semena RAW, CO₂ esenciální olej",Coriandrum sativum,"Poznejte hřejivou péči voňavých semen koriandru, které
vás emočně ukotví a podpoří vitalitu a
smyslnost.","Vůně: teplá, sladká, kořenitá, jemně kafrová","Použití: inhalace, koupel, masáž"
Kozlík esenciální olej,Valeriana wallichii,"Výrazná, hořká a balzámová vůně kozlíku navozuje emoční
rovnováhu. Oceníte ji, když se vám nedaří usnout, při vyčerpání a
úzkosti.",,
Kozlík v jojobě esenciální olej,Valeriana wallichii,"Výrazná, hořká a balzámová vůně kozlíku navozuje emoční
rovnováhu. Oceníte ji, když se vám nedaří usnout, při vyčerpání a
úzkosti.",,
Kurkuma Zedoary esenciální olej,Curcuma zedoaria,"Najděte sebedůvěru a elán v silné vůni kurkumy zedoárové. Ať máte
každý den prozářený pocitem zdraví a energie.","Vůně: teple kořeněná, s náznakem kafru a manga","Použití: inhalace, koupel, obklad"
"Kurkuma, kořen esenciální olej",Curcuma longa,"I vy můžete zářit. Najděte v sobě pocit
zdraví, aktivní energii a vyrovnanou
sebedůvěru. Esenciální olej z kurkumy využijete
i v kuchyni.","Vůně: teple kořeněná, zemitá, mírně dřevitá,
pronikavá","Použití: inhalace, koupel, dochucení pokrmů"
"Kurkuma, list esenciální olej",Curcuma longa,"Nechte s kurkumou rozkvést svou vnitřní a vnější
krásu. Mějte každý den prozářený
pocitem zdraví a čistou energií.","Vůně: teple kořeněná, bylinná, mírně zemitá,
pronikavá","Použití: inhalace, péče o pleť a pokožku, obklad"
Labdanum (cistus) esenciální olej,Cistus ladaniferus,"Labdanum esenciální olej je duchovní olej a byl používán po staletí
pro meditaci. Jeho vůně evokuje hluboké emoce a otevírá třetí oko.",,
Lavandin esenciální olej,Lavandula hybrida,"Otevřete dlaň a přizvěte do své přízně další poklad s vůní
levandulových kvítků, který vás zklidní, láskyplně
opečuje a posílí.","Vůně: výrazná levandulová až kořenitá, kafrová","Použití: inhalace, masáž, koupel"
Lavandin Super BIO esenciální olej,Lavandula hybrida,"Přijměte posilu, péči a
očistu od lavandinu super v bio kvalitě.
Zklidní podrážděnou pokožku, rozpustí
napětí a přinese pohodu namoženým svalům.","Vůně: svěží bylinná s kafrovými a
květinovými tóny","Použití: inhalace, masáž, parfém"
Levandule Francie esenciální olej,Lavandula angustifolia,"Nechte se prostoupit voňavou něhou sycenou sluncem jihu a
dopřejte svému tělu i duši zklidnění,
uvolnění a regeneraci.","Vůně: výrazná, květinová, nasládlá","Použití: inhalace, masáž, koupel"
Levandule Kašmír esenciální olej,Lavandula angustifolia,"Nechte se opečovat voňavou něhou z vysokých výšek nad
mořem a dopřejte svému tělu i duši zklidnění,
uvolnění a regeneraci.","Vůně: květinová, nasládlá, s jemně hořkými
tóny","Použití: inhalace, masáž, koupel"
"Levandule RAW, CO₂ esenciální olej",Lavandula angustifolia,"Nechte se prostoupit konejšivou bylinkovou něhou a dopřejte svému tělu,
mysli i duši zklidnění, uvolnění a regeneraci.","Vůně: jemně bylinná, květinová","Použití: inhalace, masáž, koupel"
Levandule Spike esenciální olej,Lavandula latifolia,"Nechte se prostoupit voňavou něhou sycenou sluncem jihu.
Pro vzácný pocit klidu, čistoty a souznění.","Vůně: květinová s výrazně sladkými a
kafrovými tóny","Použití: inhalace, masáž, koupel"
"Levandule, BIO esenciální olej",Lavandula angustifolia,"Zahalte se do něžné vůně uklidňující a
pečující levandule, která podpoří
regeneraci, relaxaci a tělesnou i duševní
pohodu. Nyní v bio kvalitě.","Vůně: bylinná, lehce květinová, čistá","Použití: inhalace, masáž, koupel"
Libavka esenciální olej,Gaultheria procumbens,Sladce medicinální vůně.,,
Libora měnivá esenciální olej,Lantana camara,"Poznejte ozdravnou sílu oslnivé krásky, kterou si
oblíbíte stejně jako motýli, včely a kolibříci.","Vůně: svěží, květinová, dřevitá s citrusovými a
zelenými tóny","Použití: inhalace, masáž, koupel"
Limetka esenciální olej,Citrus aurantifolia,"Seznamte se s jedinečným, sluncem prozářeným esenciálním olejem
z limetky, který vás pročistí, posílí a
povznese při smutku či únavě.","Vůně: trpká, kyselá, květinová, svěží","Použití: inhalace, masáž, koupel"
Litsea Cubeba esenciální olej,Litsea cubeba,"Probuďte své smysly svěžestí citrusové vůně. Litsea
posílí vaše sebevědomí, nabije vás pozitivní
energií a dokonale zharmonizuje
i vaši pleť.","Vůně: svěží, citrusová se sladkými tóny","Použití: inhalace, péče o pokožku a pleť, masáž"
Majoránka esenciální olej,Origanum majorana,"Objevte jedinečnost voňavé bylinky, symbolu lásky a štěstí. Pohladí,
zregeneruje a oslní i v kuchyni.","Vůně: svěží, teplá, bylinná, kafrová, sladce
kořenitá","Použití: inhalace, koupel, dochucení pokrmů"
Mandarinka červená esenciální olej,Citrus reticulata,"Užívejte si po celý den svěžest a
lehkost na těle i na duchu s jemně sladkou vůní červené
mandarinky. Laskavá podpora pro všechny generace.","Vůně: sladká, citrusová, svěží
s květinovými tóny","Použití: inhalace, masáž, koupel"
Mandarinka zelená esenciální olej,Citrus reticulata,"Dodejte svému tělu osvěžení a své mysli pohodu
a lehkost se šťavnatou povzbuzující vůní zelené mandarinky. Top
pro všechny generace.","Vůně:svěží se sladkokyselými tóny, citrusová","Použití: inhalace, masáž, koupel"
Mandarinka žlutá esenciální olej,Citrus reticulata,"Dopřejte si osvěžení těla a lehkost
mysli s jemným citrusem: sladce voňavou mandarinkou, kterou ocení
všechny generace, od batolátek po ty nejstarší.","Vůně: citrusová, svěží, trpce-sladká
s květinovými tóny","Použití: inhalace, masáž, koupel"
"Mandle, hořké esenciální olej",Prunus amygdalus,"Nechte se okouzlit rafinovanou vůní neobvyklého
esenciálního oleje z hořkých mandlí, který vaši aromaterapeutickou
sbírku povznese na novou úroveň.","Vůně: ořechová, marcipánová s ovocným tónem","Použití: inhalace, masáž, koupel"
Manuka esenciální olej,Leptospermum scoparium,"Nechte se unést manukou vábící nespočtem blahodárných
účinků zabalených do něžné medové vůně.","Vůně: jemná, bylinná, medová, květinová","Použití: inhalace, masáž, koupel"
Massoia esenciální olej,Cryptocaria Massoia,"Prohřejte tělo a nechte se obklopit útulnou
atmosférou klidu a bezpečí, které přináší ojedinělý
esenciální olej z kůry stromu massoia.","Vůně: sladší, kokosově-mléčná","Použití: inhalace, parfém"
Mastic esenciální olej,Pistacia lentiscus,"Mastic svou jemnou, citronově svěží a lehce ovocnou vůní dovede vyvolat
dobrou náladu a radost.",,
Máta citronová esenciální olej,Mentha citrata,"Probuďte své smysly se svěží vůní citronové máty.
Protože má jedinečnou schopnost osvěžit a uklidnit
zároveň, potěší vás před spaním, po cvičení nebo když potřebujete
pozvednout náladu.","Vůně: svěží, mátová s citrusovými tóny","Použití: inhalace, masáž, koupel"
Máta klasnatá esenciální olej,Mentha spicata,"Objevte příjemné zklidňující a
ochlazující účinky esenciálního oleje z máty
klasnaté.",Nejjemnější druh mátového oleje.,"Vůně: svěží, sladká, bylinná, typicky mátová"
Máta peprná esenciální olej,Mentha piperita,"Zchlaďte svou hlavu a rozehřejte srdce s mátou, která vás dokonale
osvěží, prohloubí dech a povzbudí
mysl. Zpestří i vaše aktivity v kuchyni.","Vůně: svěží, jemně kafrová, typicky mátová","Použití: inhalace, koupel, dochucení pokrmů"
Máta rolní esenciální olej,Mentha arvensis,"Vytvořte si oázu svěžesti z lánu divoké máty, která
vám prohloubí dech, projasní mysl a
dokonale zpřítomní.","Vůně: nasládlá, bylinná, typicky mentolová","Použití: inhalace, masáž, koupel"
Mateřídouškovec vonný BIO esenciální olej,Thymus capitatus,"Dopřejte si voňavé objetí mateřídouškovcem. Hřejivá náruč vám
dodá pocit bezpečí a podpoří vaši
vitalitu. Chtějte ho poznat
i v kuchyni.","Vůně: svěží, teplá, štiplavá, kořeněná,
bylinná","Použití: inhalace, koupel, dochucení pokrmů"
Meduňka esenciální olej,Melissa officinalis,"Vyzkoušejte unikátní jemnou sílu esenciálního oleje
z meduňky, od starověku oceňované bylinky, která vás
uvolní, rozptýlí smutek a nervozitu a vyladí vaši
tělesnou i duševní pohodu.","Vůně: sladce svěží, lehká, citrusovo-bylinná","Použití: inhalace, masáž, koupel"
"Mrkev, semena esenciální olej",Daucus carota sativa,"Esenciální olej z mrkve vás okouzlí příjemně nasládlou, zemitou a
teplou vůní s kořenitým akcentem.",,
Muškátový oříšek esenciální olej,Myristica fragrans,"Prožijte chvíle uvolnění a pohody. Aromatický
muškátový oříšek svou hřejivou vůní vytvoří ostrov klidu a
soustředění. Obohatí také vaše
gastronomické výlety.",Vůně: sladce kořenitá s teplým dřevitým tónem,"Použití: inhalace, koupel, dochucení pokrmů"
"Muškátový oříšek RAW, CO₂ esenciální olej",Myristica fragrans,"Prožijte chvíle uvolnění a pohody. Aromatický
muškátový oříšek svou hřejivou vůní vytvoří ostrov klidu a
soustředění.",Vůně: sladce kořenitá s teplým dřevitým tónem,"Použití: inhalace, masáž, koupel"
Myrha Confusa esenciální olej,Commiphora confusa,"Objevte hřejivou vůni a mnohostranné účinky esenciálního oleje
z myrhy confusa. Je skvělým pomocníkem pro péči o pleť,
především zralou nebo suchou. Osvědčí se také v orientálně laděném
parfému, celkově podpoří a usnadní
uvolnění mysli.","Vůně: sladce bylinná, pryskyřičná, hluboká, teplá se
zemitými a balzamickými tóny","Použití: péče o pleť a pokožku, parfém, inhalace"
Myrha esenciální olej,Commiphora myrrha,"Dopřejte své mysli stav hlubokého uvolnění a
meditace. Dosáhněte nadsmyslového míru a
zocelte se pro všední dny s posilující
pryskyřičnou vůní.","Vůně: sladce zemitá, pryskyřičná, balzámová, jemně
kafrová","Použití: inhalace, péče o pleť a pokožku, parfém"
Myrha Kataf esenciální olej,Commiphora kataf,"Nechte se uchvátit jedinečnou komplexní vůní myrhy
kataf. Noste ji s sebou jako smyslný orientální parfém,
dopřejte posílení své zralé pleti, prohlubte
dech a ponořte se do klidné meditace.","Vůně: unikátní a komplexní, sladká s jemným
citrusovým podtónem","Použití: péče o pleť a pokožku, parfém, inhalace"
Myrha Kua esenciální olej,Commiphora kua,"Vychutnejte si typickou vůni a všestranné účinky
vzácného esenciálního oleje z myrhy kua. Poslouží jako
vzpruha pro zralou pleť, sladký tón do exotického
parfému i podpora pro hluboké uvolnění a
meditaci.","Vůně: sladce karamelová, s tóny pomerančové kůry a
máty, s nádechem pepře a pižma","Použití: péče o pleť a pokožku, parfém, inhalace"
Myrta esenciální olej,Myrtus communis,"Vůně myrty vás osvěží. Je jasně kořeněná, exotická a lehce
kafrovo-eukalyptová.",,
Nard esenciální olej,Nardostachys jatamansi,"Ponořte se hlouběji do svého klidu. Nard vás duchovně
upokojí a uvede do meditativního
rozpoložení, kde vše plyne v souladu a bez odporu.","Vůně: dřevitá, pižmová se sladkými tóny","Použití: inhalace, péče o pleť a pokožku, koupel"
Nard modrý esenciální olej,Nardostachys jatamansi,"Ztište se a zjemněte své smysly. S modrým nardem
obohatíte každodenní prožívání o pocit klidu,
posvátnosti a duchovnosti.","Vůně: pižmová, svěží, dřevitá se sladkými
tóny","Použití: inhalace, péče o pleť a pokožku, koupel"
Nard zelený esenciální olej,Nardostachys jatamansi,"Opusťte rozbouřené vody a zakotvěte u klidného břehu.
Zelený nard vše ztiší a zpomalí – a vy najdete
sílu naplno prožít každý okamžik.","Vůně: pižmová, sladká, teplá s dřevitými tóny","Použití: inhalace, péče o pleť a pokožku, koupel"
Neroli esenciální olej,Citrus aurantium,"Aroma neroli je květinové, sladkohořké, teplé, bohaté, podobné
pomerančovému. Jeho esence vás uklidní a uzemní.",,
Niaouli esenciální olej,Melaleuca quinquenervia,"Domácí přírodní lékárnička na dlani, to je mnohostranně
blahodárné niaouli. S jemností vás opečuje, pomůže prohloubit
dýchání a urychlit regeneraci.","Vůně: zemitá, sladce ovocná, eukalyptová,
balzámová","Použití: inhalace, masáž, obklad"
"Nové koření, list esenciální olej",Pimenta officinalis,"Načerpejte sílu s pimentovníkovým olejem, jehož
příjemně prohřívající charakter napomáhá k celkovému
uvolnění.","Vůně: výrazná, kořeněná, svěží, hřebíčková","Použití: inhalace, masáž, obklad"
"Nové koření, plod esenciální olej",Pimenta Officinalis,"Načerpejte sílu s pimentovníkovým olejem, jehož
prohřívající charakter vám napomůže překonat
i dlouhotrvající pocity napětí.","Vůně: těžká, kořeněná, hřebíčková","Použití: inhalace, masáž, obklad"
Opoponax (sladká myrha) esenciální olej,Commiphora erythraea,"Myrha se svým pryskyřičným, balzámovým, bohatým a jemně kafrovým
aroma může ovlivnit psychiku ve velké hloubce. Vyvolá ve vás pocit
nadsmyslového míru a pokoje.",,
Oregano esenciální olej,Origanum vulgare,"Dosáhněte hluboké harmonie, osvobození
a rovnováhy. Výrazná vůně dobromysli je tou pravou
vzpruhou, která vás vybalancuje. Stejně tak vyladí i vaše
kompozice v kuchyni.","Vůně: bylinná, pepřová s nasládlým, jemně
kafrovým tónem","Použití: inhalace, koupel, dochucení pokrmů"
Pačuli esenciální olej,Pogostemon cablin,"Nechte na sebe působit zemitost a svůdnost
afrodiziakálního pačuli, které vás
uvolní při přepracování a postaví na
nohy, když jste vyčerpaní a bez nálady.","Vůně: plná, dřevitá, pižmová se sladce balzámovým a
bylinným nádechem","Použití: inhalace, péče o pleť a pokožku, koupel"
Palmarosa esenciální olej,Cymbopogon martinii,"Nechte se okouzlit jemným, květinovým aroma esenciálního oleje
palmarosa, s nímž ožije mysl i vitalita,
omládne pleť a rozjasní se nálada.","Vůně: sladce svěží, růžová s tóny citrusu","Použití: inhalace, masáž, koupel"
Pelyněk bílý esenciální olej,Artemisia alba,"Povzneste se v hřejivé náruči bělostné Artemis,
prosti negativních myšlenek a pocitů.","Vůně: výrazná, svěží, bylinná, kafrová,
medicinální","Použití: inhalace, masáž, koupel"
"Pelyněk černobýl, BIO esenciální olej",Artemisia vulgaris,"Svěřte se do rukou mocné Artemis pro kompletní
vyladění a nastolení vytoužené rovnováhy.","Vůně: bylinná se sladkými, jehličnatými a
kafrovými tóny","Použití: inhalace, masáž, obklad"
Pelyněk davana esenciální olej,Artemisia pallens,"Seznamte se s výjimečným klenotem z obsáhlé
šperkovnice aromaterapie.","Vůně: výrazná, nasládlá, bylinná, lékořicová","Použití: parfém, inhalace, péče o pleť a pokožku"
Pelyněk estragon esenciální olej,Artemisia dracunculus,"Představuje se vám „král mezi bylinami“, při
citlivém zacházení královsky nápomocný.","Vůně: sladká, ovocná, svěží, anýzová","Použití: inhalace, masáž, obklad"
Pelyněk roční esenciální olej,Artemisia annua,"Nechte se okouzlit hřejivou bylinkovou vůní pelyňku ročního a využijte
pro sebe jeho všestrannou podporu.","Vůně: svěží, bylinná s kafrovým tónem","Použití: inhalace, masáž, koupel"
Pepř bílý esenciální olej,Piper nigrum,"Opepřete si svůj život plody ovíjivé liány, které vám rázem
odeženou chmury, podpoří vitalitu a
probudí smyslnost. Kouzlit s nimi můžete
i v kuchyni.","Vůně: jemná, teplá, intenzivně pepřová,
kořenitá","Použití: inhalace, koupel, dochucení pokrmů"
Pepř černý esenciální olej,Piper nigrum,"Opepřete si svůj život plody ovíjivé liány, které vám rázem
odeženou chmury, podpoří vitalitu a
probudí smyslnost. Kouzlit s nimi můžete
i v kuchyni.","Vůně: teplá, intenzivně pepřová, kořenitá","Použití: inhalace, koupel, dochucení pokrmů"
Pepř růžový esenciální olej,Schinus molle,"Poznejte sílu plodů posvátného stromu Inků, které vás
vzpruží a ochrání před nástrahami
sychravých dnů. Oceníte je i v kuchyni.","Vůně: svěží, dřevitá, nasládlá, pepřová
s květinovým tónem","Použití: inhalace, koupel, dochucení pokrmů"
Pepřovník betelový esenciální olej,Piper betle,"Nabídněte si výživné „betelové sousto” bez
závislosti a vedlejších účinků.","Vůně: fenolická, kouřová, kořeněná, jemně
nasládlá","Použití: inhalace, masáž, obklad"
"Petržel, semena esenciální olej",Petroselinum crispum,"Upokojte svoji ustaranou mysl a otevřete si cestu
k novým příležitostem. Esenciální olej ze semen petržele vám
pomůže vyladit harmonii těla a duše a doprovodí vás
k radosti. Potěšení může přinést také v kuchyni.","Vůně: teplá, nasládlá, kořeněná, bylinná","Použití: inhalace, koupel, dochucení pokrmů"
Pískavice řecké seno RAW CO₂ esenciální olej,Trigonella foenum graecum,"Rozjasněte úsměv, obnovte v těle
rovnováhu, podpořte vitalitu a svou
přirozenou krásu s esenciálním olejem z pískavice
řeckého sena.","Vůně: teplá, kořeněná s oříškově-zemitými
podtóny","Použití: péče o pleť a pokožku, obklad, inhalace"
"Pomeranč červený, BIO esenciální olej",Citrus sinensis,"Překonejte chmury se silou 100% čistého a bio červeného pomeranče,
který ve vás podnítí optimismus a
spontánnost a podpoří vaši kreativitu.","Vůně: teplá, sladká, svěží, citrusová","Použití: inhalace, masáž, koupel"
Pomeranč SUN esenciální olej,Citrus sinensis,"Zbavte se chmur a starostí s posilou osvěžující
energie šťavnatých pomerančů. Konečně je tady verze SUN, se
kterou můžete vyjít i na sluníčko.","Vůně: citrusová, svěží, trpká","Použití: inhalace, koupel, péče o pleť a pokožku"
Ravensara esenciální olej,Ravensara anisata,"Pro své blahodárné účinky je domorodými nazýván „olejem,
který regeneruje“, zhodnoťte sami.","Vůně: svěží, anýzová s jemně kořeněnými
tóny","Použití: inhalace, masáž, obklad"
Ravintsara esenciální olej,Cinnamomum camphora,"Dýchejte s lehkostí, nabijte se
energií, podpořte očistu těla a osvěžte
mysl. Ravintsara vám poslouží jako
jemnější alternativa eukalyptového
esenciálního oleje.","Vůně: svěží, jemně bylinná, mírně kafrová","Použití: inhalace, masáž, koupel"
Řebříček modrý esenciální olej,Achillea millefolium,"Díky vysokému obsahu chamazulenu má nádhernou modrou barvu. Jedná se
o jemný, ale účinný éterický olej se sladce bylinkovou až mírně
kafrovou vůní.",,
Rmen (Heřmánek římský) esenciální olej,Chamaemelum nobile,"Esenciální olej ze rmenu se vyznačuje teplou, sladkou, bylinnou, lehce
ovocitou vůní.",,
Rododendron Anthopogon BIO esenciální olej,Rhododendron anthopogon,"Najděte hluboký klid, vyrovnanost mysli i emocí a
celkovou lehkost s pomocí návštěvníka z třetihor,
omamného rododendronu.","Vůně: sladce bylinná, květinová s balzámovým
nádechem","Použití: inhalace, masáž, péče o pleť a pokožku"
Rododendron grónský BIO esenciální olej,Rhododendron groenlandicum,"Poznejte jedinečné vlastnosti divokého rododendronu,
dávno již oblíbeného severoamerickými indiány.","Vůně: svěží, dřevitá, bylinná, balzámová","Použití: inhalace, masáž, koupel"
Rozmarýn esenciální olej,Rosmarinus officinalis,"Objevte kouzlo „rosy moře“, rozveselující bylinky,
která vás laskavě ošetří, posílí sebevědomí a přinese do života
švih. Navíc oživí i vaši kuchyň.","Vůně: intenzivní, bylinná, kafrová, svěží,
teplá","Použití: inhalace, koupel, dochucení pokrmů"
"Rozmarýn RAW, CO₂ esenciální olej",Rosmarinus officinalis,"Vůně je výrazná, kořeněná s kafrovými tóny. Esence rozmarýnu
pomůže překonat mentální vyčerpání, zlepšovat duševní
bdělost a koncentraci.",,
Rue esenciální olej,Ruta graveolens,"Vůně je silná, aromatická, nasládlá, hořká až bylinná. Na
mentální rovině dokáže rozptýlit neklidné myšlenky a povzbudit
k maximálnímu prožití přítomného okamžiku.",Účinný přírodní repelent.,
Růže bílá esenciální olej,Rosa alba,"Poznejte něžnou eleganci a hluboký účinek na mnoha úrovních, který
přináší nejvzácnější esenciální olej –
ženská a pečující bílá růže.","Vůně: sladce sametová, květinová s citrusovým tónem,
komplexní, jemná","Použití: inhalace, péče o pleť a pokožku, parfém"
Růže bílá v MCT oleji esenciální olej,Rosa alba,"Vychutnejte si něžnou eleganci a hluboký účinek na mnoha úrovních,
který přináší nejvzácnější esenciální olej –
ženská a pečující bílá růže
v MCT oleji.","Vůně: sladce sametová, květinová s citrusovým tónem,
komplexní, jemná","Použití: péče o pleť a pokožku, parfém, koupel"
Růže damašská ABSOLUE esenciální olej,Rosa damascena,"Obklopte se elegantní vůní jednoho z nejvzácnějších
esenciálních olejů. Damašská růže, královna květin,
poskytne něžnou péči vaší pleti, duši i ženskému cyklu.","Vůně: silná, sladká, květinová se svěžím tónem,
komplexní, plná","Použití: inhalace, péče o pleť a pokožku, parfém"
Růže damašská ABSOLUE v MCT oleji esenciální olej,Rosa damascena,"Dopřejte si dotek luxusu a jemné ženské síly s jedním
z nejcennějších olejů. Damašská růže absolue
v nosném MCT oleji potěší vaše tělo, mysl i pleť.","Vůně: silná, sladká, květinová se svěžím tónem,
komplexní, plná","Použití: péče o pleť a pokožku, parfém, koupel"
Růže damašská dvakrát destilovaná esenciální olej,Rosa damascena,"Podtrhněte svou ženskost a dopřejte extra péči své pleti s dvakrát
destilovanou damašskou růží z Íránu, která patří
k nejluxusnějším na světě.","Vůně: jemná, čistá, sladce květinová s lehkými
medovými podtóny","Použití: inhalace, péče o pleť a pokožku, koupel"
Růže damašská dvakrát destilovaná v MCT oleji esenciální olej,Rosa damascena,"Oddejte se harmonizující péči dvakrát destilované damašské
růže z Íránu naředěné v MCT oleji.
S nezmenšenou silou povzbudí vaši ženskost, vyrovná emoce a
opečuje pleť.","Vůně: jemná, čistá, sladce květinová s lehkými
medovými podtóny","Použití: péče o pleť a pokožku, masáž, koupel"
Růže damašská esenciální olej,Rosa damascena,"Vychutnávejte si elegantní aroma a všestranný přínos
nejvzácnějšího esenciálního oleje z královny květin,
regenerující a pečující
damašské růže.","Vůně: sladká, květinová se svěžím tónem,
komplexní, plná","Použití: inhalace, péče o pleť a pokožku, parfém"
Růže damašská jednou destilovaná esenciální olej,Rosa damascena,"Poznejte kouzlo a eleganci vzácné damašské růže
z Íránu, která rozvine vaši ženskou stránku,
přinese celkovou harmonii a s jemností se postará
o suchou nebo zralou pleť.","Vůně: bohatá, hluboká, sladce květinová s ovocnými a
kořeněnými podtóny","Použití: inhalace, péče o pleť a pokožku, koupel"
Růže damašská jednou destilovaná v MCT oleji esenciální olej,Rosa damascena,"Poznejte kouzlo jedinečné damašské růže z Íránu,
která vám pomůže zharmonizovat emoce a postará se o vaši
suchou nebo zralou pleť, a to ve variantě naředěné
v MCT oleji.","Vůně: bohatá, hluboká, sladce květinová s ovocnými a
kořeněnými podtóny",
Růže damašská v jojobě esenciální olej,Rosa damascena,"Vychutnávejte si elegantní aroma a všestranný přínos
nejvzácnějšího esenciálního oleje z královny květin,
ženské a pečující damašské růže.","Vůně: sladká, květinová se svěžím tónem,
komplexní, plná","Použití: péče o pleť a pokožku, parfém, koupel"
Růže stolistá esenciální olej,Rosa centifolia,"Povzneste se na těle i na duchu a obnovte důvěru,
svobodu a lásku s půvabnou vůní, která opečuje vaši
ženskost a pomůže vám přijmout sebe sama.","Vůně: sladká, smyslná, plná, květinová se
svěžím tónem","Použití: inhalace, péče o pleť a pokožku, parfém"
Růže stolistá v MCT oleji esenciální olej,Rosa centifolia,"Nechte se pohladit na těle a povznést na duši. Růže
stolistá v MCT oleji je skvělý způsob, jak opečovat
pleť, zklidnit napětí a rozvinout empatii.","Vůně: sladká, smyslná, plná, květinová se
svěžím tónem","Použití: péče o pleť a pokožku, parfém, koupel"
Růžové dřevo esenciální olej,Aniba rosaeodora,"Vychutnejte si příliv smyslné radosti a síly
s esenciálním olejem z růžového dřeva, který zharmonizuje tělo, mysl
i duši.","Vůně: svěží, květinová s lehce dřevitými a kořeněnými tóny","Použití: parfém, koupel, péče o pleť a pokožku"
Šalvěj muškátová esenciální olej,Salvia sclarea,"Odložte vesla, moře je opět klidné a vstřícné.
S tímto konejšivým a harmonizujícím ženským
olejem pocítíte jasnost, radost a
uvolnění i při té nejsilnější bouřce.","Vůně: bylinná, teplá s nasládlými a
dřevitými tóny","Použití: inhalace, masáž, obklad"
Santalové dřevo esenciální olej,Santalum Album,"Dřevité, balzámové sladké a mírně pižmové aroma.",,
Saro esenciální olej,Cinnamosma fragrans,"Držte neduhy na uzdě díky cennému stromu, který dle
domorodých „odhání zlo”.","Vůně: svěží, tropická s lehce citronovými a
nasládlými tóny","Použití: inhalace, péče o pleť a pokožku, obklad"
Saturejka esenciální olej,Satureja hortensis,"Nalaďte se na působivou symfonii bylinných tónů. Vůně saturejky
povzbudí vaši mysl a dodá vám duševní
sílu a celkovou lehkost. Příjemné kompozice s ní
vytvoříte i v kuchyni.","Vůně: intenzivní, pikantní, bylinná","Použití: inhalace, koupel, dochucení pokrmů"
"Skořice cejlonská, kůra esenciální olej",Cinnamomum zeylanicum,"Dobijte energetické zásoby v hřejivé náruči skořice,
která vás povzbudí a podpoří vřelé vztahy i vaše vlastní
sebepřijetí. Její intenzivní, sladce kořeněnou vůni využijete
v kuchyni.","Vůně: teplá, sladce kořeněná, typicky skořicová","Použití: inhalace, koupel, dochucení pokrmů"
Skořice Kasie esenciální olej,Cinnamomum cassia,"Uvolněte se a vychutnejte si chvíle klidu a pohody.
Povznášející vůně kasie se postará o příjemnou a
útulnou atmosféru nejen v chladných dnech, dodá vám
odvahu a obnoví vaši sebedůvěru.","Vůně: kořenitá, hřejivá, zemitá, sladce
skořicová, silná","Použití: inhalace, masáž, koupel"
Skořice Lawang esenciální olej,Cinnamomum culilawan,"Navraťte své energii plynulý tok a prožijte pocit opravdového
uvolnění pod teplým závojem orientální vůně.","Vůně: teplá, kořenitá, balzámová, hřebíčková","Použití: masáž, obklad, inhalace"
Smil Bracteiferum esenciální olej,Helichrysum bracteiferum,"Přijměte voňavé poselství z říše bylin. Čerstvé
aroma smilu Bracteiferum vás rozveselí, pozvedne na těle i na duchu a
zkrášlí každičký den.","Vůně: svěží bylinná, lehce kafrová s eukalyptovými
podtóny, nasládlá","Použití: inhalace, masáž, koupel"
Smil italský esenciální olej,Helichrysum italicum,"Využijte dar věčného mládí pro svou pleť, podpořte
regeneraci a odložte negativní přístup
s jemnou péčí smilu italského, kterému se přezdívá také
„věčný květ“.","Vůně: bylinná s medovými podtóny, sladce kořeněná,
plná, teplá","Použití: péče o pleť a pokožku, koupel"
Smil Rambiazina esenciální olej,Helichrysum gymnocephalum,"Najděte útočiště v povzbuzující náruči zlatého
slunce z Madagaskaru. Zářivý smil Rambiazina vás osvěží a
pomůže chytit druhý dech.","Vůně: svěží, eukalyptová s kafrovými podtóny","Použití: inhalace, masáž, koupel"
Smrk černý esenciální olej,Picea mariana,"Vytvořte si oázu svěžesti smrkových lesů a buďte
připraveni na výkyvy počasí i stresovou zátěž.","Vůně: svěží, pryskyřičná, dřevitá
s nasládlými tóny","Použití: inhalace, masáž, koupel"
"Smrk černý, dřevo BIO esenciální olej",Picea mariana,"Vytvořte si oázu svěžesti smrkových lesů a buďte
připraveni na výkyvy počasí i stresovou zátěž.","Vůně: dřevitá, kořeněná, svěží","Použití: inhalace, masáž, koupel"
"Smrk černý, jehličí BIO esenciální olej",Picea mariana,"Vytvořte si oázu svěžesti smrkových lesů a buďte
připraveni na výkyvy počasí i stresovou zátěž.","Vůně: svěží, pryskyřičná, dřevitá","Použití: inhalace, masáž, koupel"
"Smrk černý, kůra BIO esenciální olej",Picea mariana,"Vytvořte si oázu svěžesti smrkových lesů a buďte
připraveni na výkyvy počasí i stresovou zátěž.","Vůně: svěží, dřevitá, pryskyřičná","Použití: inhalace, masáž, koupel"
Smrk sivý BIO esenciální olej,Picea glauca,"Vytvořte si oázu svěžesti smrkových lesů a buďte
připraveni na výkyvy počasí i stresovou zátěž.","Vůně: svěží, lehká, dřevitá, pryskyřičná","Použití: inhalace, masáž, koupel"
Smrk ztepilý esenciální olej,Picea abies,"Buďte připraveni na výkyvy počasí i stresovou zátěž, vytvořte si
oázu svěžesti smrkových lesů.","Vůně: svěží, pryskyřičná a dřevitá","Použití: inhalace, masáž, koupel"
Sugandha Kokila esenciální olej,Cinnamomum glaucescens,"Vůně je svěží, kořeněná až bylinná s tóny kafru a skořice.
Příjemně hřejivý charakter oleje rozvolňuje nepříjemné pocity
napětí a podporuje koncentraci.",Po naředění může být aplikován i na pokožku.,
Tea tree esenciální olej,Melaleuca alternifolia,"Poznejte přírodní poklad domorodých Australanů, který si pro své
širokospektré blahodárné účinky jistě najde místo
v každé domácí přírodní lékárničce.","Vůně: silná, lékařská, kafrová, balzámová a
sladkohořká","Použití: inhalace, masáž, obklad"
Topol balzámový BIO esenciální olej,Populus balsamifera,"Objevte pověstný „balzám z Gileádu“ a přesvědčte
se sami o jeho blahodárných účincích.","Vůně: pryskyřičná, svěží, sladká, balzamická,
dřevitá","Použití: inhalace, masáž, koupel"
Túje (Arborvitae) esenciální olej,Platycladus orientalis / Thuja occidentalis,"Posilte svoji odolnost, vyrovnejte energie
těla i mysli, pročistěte a omlaďte svoji
pleť a rozzařte vlasy s podporou svěží túje.","Vůně: svěží, jehličnatá, kafrová","Použití: inhalace, masáž"
Túje esenciální olej,Thuja occidentalis,"Očistěte se od negativních emocí,
vyrovnejte energie těla, mysli a duše a soustřeďte
se na to podstatné s podporou svěží túje.","Vůně: dřevitá, nahořklá, s teplými podtóny kafru a
jehličnanů","Použití: inhalace, péče o pleť a pokožku, obklad"
Tymián borneol esenciální olej,Thymus vulgaris,"Objevte mimořádně povzbuzující účinky tymiánu, jehož nápadná,
typicky kořeněná vůně ve vás posílí odvahu a
morálku. Využijete jej i v kuchyni.","Vůně: svěží, výrazná, kořeněná s bylinnými
tóny","Použití: inhalace, koupel, dochucení pokrmů"
Tymián horský (Mateřídouška) esenciální olej,Thymus serpyllum,"Zbavte se únavy, podpořte obranyschopnost
a nastartujte regeneraci s voňavou a pečující
mateřídouškou, která vám přinese tu pravou vzpruhu pro
tělo i mysl.","Vůně: teplá, bylinná, svěží","Použití: inhalace, masáž, koupel"
Tymián thymol esenciální olej,Thymus vulgaris,"Objevte mimořádně povzbuzující účinky tymiánu, jehož nápadná,
typicky kořeněná vůně ve vás posílí odvahu a
morálku. Využijete jej i v kuchyni.","Vůně: svěží, výrazná, bylinná s kořeněnými
tóny","Použití: inhalace, koupel, dochucení pokrmů"
"Tymián, linalool BIO esenciální olej",Thymus vulgaris,"Využijte v kuchyni všestranný esenciální olej
z tymiánu. Provoní a ochutí jídlo a jako bonus může srovnat vaše
zažívání.","Vůně: teplá, léčivá, kořeněno-bylinná",Použití: dochucení pokrmů
"Tymián, thymol BIO esenciální olej","Pozvedněte své kuchařské umění na novou úroveň
s esenciálním olejem z tymiánu. Coby koření dochutí a
provoní jídlo, navíc může podpořit trávení, dýchací cesty
i vaši sebejistotu.","Vůně: teplá, léčivá, kořeněno-bylinná",Použití: dochucení pokrmů,
Vanilka v jojobě esenciální olej,Vanilla planifolia,"Sladká a příjemně teplá, typická, intenzivní vůně vanilky je po
staletí uznávána jako účinné afrodiziakum.",,
"Vanilka, CO₂ esenciální olej",Vanilla planifolia,"Sladká a příjemně teplá, typická, intenzivní vůně vanilky je po
staletí uznávána jako účinné afrodiziakum.",,
Vavřín esenciální olej,Laurus nobilis,"Těšte se z pocitů vítězství s podporou vavřínu.
Z jeho větví se kdysi pletly věnce právě pro vítěze a jeho svěží
aroma ve vás posílí sebedůvěru a
inspiraci. Chybět nemůže ani
v kuchyni.","Vůně: svěží, kafrová, bylinná s nasládlým, mírně
skořicovým tónem","Použití: inhalace, koupel, dochucení pokrmů"
Vetiver esenciální olej,Vetiveria zizanoides,"Postavte se nohama na zem, zchlaďte žár a uvolněte mysl
namáhanou stresem. Dosáhněte niterné rovnováhy
orientálních mistrů se zemitou vůní vousatky draslavé alias vetiveru.","Vůně: hluboká, omamná, zemitá, těžká","Použití: inhalace, masáž, parfém"
Voňatka esenciální olej,Cymbopogon Nardus Jamarosa Oil,"Vůně je travnatá, sladce květinová s podtóny růží. Na psychické
úrovni navozuje pocity svobody a volnosti.",,
Vřesna bahenní BIO esenciální olej,Myrica gale,"Seznamte se s „medicínou“ severoamerických indiánů a na vlastní
kůži se přesvědčte o jejích blahodárných
účincích.","Vůně: svěží, bylinná, dřevitá, nasládlá","Použití: inhalace, péče o pleť a pokožku, přírodní
repelent"
Ylang ylang esenciální olej,Cananga odorata,"Zamilujte se do afrodiziakálního ylang ylang, jehož
okouzlující květy vás zbaví úzkosti a strachu, opečují tělo a
probudí vášeň.","Vůně: květinová, sladká, balzámová
s kořenitými tóny","Použití: parfém, masáž, koupel"
Ylang ylang Extra esenciální olej,Cananga odorata,"Podlehněte vábení smyslného ylang ylangu extra.
Oživíte s ním partnerskou vášeň, omladíte pleť,
zharmonizujete tělo i psychiku a rozeženete únavu, úzkosti
a chmury.","Vůně: sladká, květová, exotická, opojná","Použití: inhalace, masáž, koupel"
Yuzu esenciální olej,Citrus junos,"Dopřejte své problematické nebo zralé
pleti voňavou péči orientálního citrusu yuzu. Navíc podpoří vaše
dýchání a rozpustí stres.","Vůně: teplá, sladká, balzámová, citrusová","Použití: péče o pleť a pokožku, masáž, inhalace"
Yzop esenciální olej,Hyssopus officinalis,"Esenciální olej z yzopu vás spojí se záměrem ochrany, duchovní
očisty, ale i posily. Jeho aroma je bylinné, kafrové, teplé, sladké a
mírně kořeněné.",,
Zanthoxylum esenciální olej,Zanthoxylum armatum,"Zanthoxylum vyniká svěží květinovou vůní s lehkým nádechem
kořeněného a hořkého aroma. Mnozí si tento esenciální olej oblíbili a
používají ho při potřebě uvolnění a navození pocitu klidu, zklidnění
a meditaci.",,
Zázvor čínský esenciální olej,Boesenbergia pandurata,"Poznejte unikátní antioxidant, který vás všestranně
opečuje, příjemně povzbudí a podpoří
vaši smyslnost.","Vůně: kořenitá, bylinná, mentolová, jemně
květinová","Použití: masáž, obklad, koupel"
Zázvor esenciální olej,Zingiber officinalis,"Vneste do svého života hřejivé teplo, které vás
povzbudí k akci a podpoří sebedůvěru.
Zázvor je navíc vynikající přísadou v kuchyni.","Vůně: kořenitá, pronikavá, teplá, dřevitá","Použití: inhalace, obklad, dochucení pokrmů"
"Zázvor RAW, CO₂ esenciální olej",Zingiber officinalis,"Pusťte si k sobě zářivé, hřejivé teplo s typickou
rozveselující vůní zázvoru, které vás povzbudí k akci
a podpoří vaši sebedůvěru.","Vůně: kořenitá, teplá, dřevitá","Použití: inhalace, masáž, koupel"
Zázvorová tráva esenciální olej,Cymbopogon martinii var. sofia,"Poznejte na vlastní kůži povznášející sílu
orientální byliny, která vrátí vaše emoce do rovnováhy a
zároveň skvěle podpoří vaši vitalitu.","Vůně: svěží, zemitá, citronová","Použití: inhalace, masáž, koupel"
Zlatobýl kanadský BIO esenciální olej,Solidago canadensis,"Dopřejte si blahodárnou dávku zklidnění, útěchy a
smyslnosti z otevřených plání rozkvetlých kanadských
prérií.","Vůně: plná, dřevitá, bylinná, nasládlá, smyslná","Použití: inhalace, masáž, koupel"
